,Title,Price
0,iPad Pro 12.9インチ Wi-Fi 256GB M...,129800
1,iPad Pro 12.9インチ Wi-Fi 256GB M...,129500
2,新品 Apple/アップル iPad Pro 11インチ W...,115800
3,iPad Pro 12.9インチ Wi-Fi 64GB MT...,112900
4,Apple iPad Pro 11インチ Wi-Fi 256...,110100
5,新品 Apple/アップル iPad Pro 11インチ W...,108100
6,新品 Apple/アップル iPad Pro 11インチ W...,100600
7,新品 Apple/アップル iPad Pro 11インチ W...,90300
8,新品 Apple/アップル iPad Pro 11インチ W...,90200
9,Apple(アップル)純正 12.9インチiPad Pro(...,32980
10,Apple(アップル)純正 iPad Pro 12.9インチ...,29980
11,Apple(アップル)純正 11インチiPad Pro用Sm...,28980
12,Apple 11インチiPad Pro用 Smart Key...,28110
13,Apple アップル 純正 10.5インチ iPad Pro...,26980
14,【送料無料】Apple Smart Keyboard 12....,23980
15,【送料無料】Apple Smart Keyboard 12....,23000
16,[新品] Apple iPad Pro 第3世代 12.9イ...,22800
17,Apple(アップル)純正 Magic Keyboard テ...,21980
18,【送料無料】Apple Smart Keyboard 10....,21980
19,ツカーノ メンズ PC・モバイルギア アクセサリー Gusc...,21480
20,BRYDGE BRY6002 [12.9インチiPad Pr...,20860
21,中古 【送料無料】当社1週間保証[未使用品]■Apple 1...,20800
22,中古 【送料無料】当社1週間保証[中古Aランク]■Apple...,20800
23,タブレットケース(10.5インチiPad Pro対応) AP...,20675
24,BRYDGE BRY6001 BRY6001 iPad Pr...,20018
25,BRYDGE BRY6002 BRY6002 iPad Pr...,20018
26,Apple(アップル)純正 Magic Keyboard テ...,19980
27,Apple(アップル)純正 Magic Keyboard テ...,19980
28,ツカーノ メンズ PC・モバイルギア アクセサリー Gusc...,19480
29,APPLE 10.5インチiPad Pro用 Smart K...,19346
